{"accuracy": 0.88, "precision": 0.9016393442622951, "recall": 0.9016393442622951, "f1_score": 0.9016393442622951, "last_trained": "2026-02-12T09:44:21.597315"}